Model,AUC Mean,AUC Std
Baseline (Noisy OLS Features),0.6436313131313132,0.08240069502657836
PCR Denoised Features,0.7689204545454544,0.04126942534756155
