{
  "0": {
    "layer": 0,
    "best_k": 9,
    "silhouette": 0.24575075507164001,
    "pred_acc": 0.4466292134831461,
    "chance_acc": 0.5102040816326531,
    "k_scores": {
      "4": 0.19392910599708557,
      "5": 0.20914554595947266,
      "6": 0.20408542454242706,
      "7": 0.22104515135288239,
      "8": 0.23364406824111938,
      "9": 0.24575075507164001,
      "10": 0.23830747604370117
    }
  },
  "13": {
    "layer": 13,
    "best_k": 9,
    "silhouette": 0.17948126792907715,
    "pred_acc": 0.6915985699693564,
    "chance_acc": 0.6848072562358276,
    "k_scores": {
      "4": 0.16550706326961517,
      "5": 0.1534167379140854,
      "6": 0.13890540599822998,
      "7": 0.1744953989982605,
      "8": 0.1637224406003952,
      "9": 0.17948126792907715,
      "10": 0.16927608847618103
    }
  },
  "24": {
    "layer": 24,
    "best_k": 10,
    "silhouette": 0.16741244494915009,
    "pred_acc": 0.55561797752809,
    "chance_acc": 0.46485260770975056,
    "k_scores": {
      "4": 0.14911265671253204,
      "5": 0.14465205371379852,
      "6": 0.1329042762517929,
      "7": 0.15978243947029114,
      "8": 0.1376347839832306,
      "9": 0.11025691032409668,
      "10": 0.16741244494915009
    }
  }
}