model,auc_mean,auc_std
Length Only,0.7666050084175084,0.04152776046843538
Geometry Only,0.6436313131313132,0.08240069502657836
Combined,0.7374086700336699,0.08657201922416817
