cluster,response_length_chars,truth_mag
0.0,270.0422535211268,-246.49295774647888
1.0,398.1666666666667,-1355.0
