{
  "unmasked": {
    "0": {
      "f1": 0.28817991264714077,
      "stability": 0.8546741786289374,
      "lopo_f1": 0.20324452100950569,
      "joint_f1": 0.22622301587301588,
      "perm_f1": 0
    },
    "10": {
      "f1": 0.30631100033195047,
      "stability": 0.918195519186704,
      "lopo_f1": 0.2020344831584732,
      "joint_f1": 0.2387535714285714,
      "perm_f1": 0
    },
    "11": {
      "f1": 0.3068318901235256,
      "stability": 0.9179048926969365,
      "lopo_f1": 0.20589140656070798,
      "joint_f1": 0.2399095238095238,
      "perm_f1": 0
    },
    "12": {
      "f1": 0.3031449125147965,
      "stability": 0.918283797128343,
      "lopo_f1": 0.20506210919667564,
      "joint_f1": 0.24358452380952378,
      "perm_f1": 0
    },
    "13": {
      "f1": 0.30525582418308617,
      "stability": 0.9196716031908521,
      "lopo_f1": 0.20525174189134496,
      "joint_f1": 0.2359146825396825,
      "perm_f1": 0
    },
    "14": {
      "f1": 0.30846719003045103,
      "stability": 0.9193757084282085,
      "lopo_f1": 0.20303576059162687,
      "joint_f1": 0.2405083333333333,
      "perm_f1": 0
    },
    "15": {
      "f1": 0.31621121225127163,
      "stability": 0.9218768492409005,
      "lopo_f1": 0.2146386827105387,
      "joint_f1": 0.2468488095238095,
      "perm_f1": 0
    },
    "16": {
      "f1": 0.30342405251669596,
      "stability": 0.9240249941582466,
      "lopo_f1": 0.20960217769329587,
      "joint_f1": 0.23855357142857145,
      "perm_f1": 0
    },
    "24": {
      "f1": 0.2681665052031669,
      "stability": 0.9115097634522338,
      "lopo_f1": 0.18517539081565942,
      "joint_f1": 0.21071309523809525,
      "perm_f1": 0
    }
  },
  "masked": {
    "0": {
      "f1": 0.017772035755816314,
      "stability": 0.9143058684198506,
      "lopo_f1": 0.01818181818181818,
      "joint_f1": 0.018181818181818184,
      "perm_f1": 0.024560112328446876
    },
    "10": {
      "f1": 0.023610811977924973,
      "stability": 0.8902523120510845,
      "lopo_f1": 0.01818181818181818,
      "joint_f1": 0.018181818181818184,
      "perm_f1": 0.030703375474575318
    },
    "11": {
      "f1": 0.023610811977924973,
      "stability": 0.8868422520340985,
      "lopo_f1": 0.01818181818181818,
      "joint_f1": 0.018181818181818184,
      "perm_f1": 0.027424638915415266
    },
    "12": {
      "f1": 0.02226611997268251,
      "stability": 0.8848888160964007,
      "lopo_f1": 0.01818181818181818,
      "joint_f1": 0.018181818181818184,
      "perm_f1": 0.034124017225821014
    },
    "13": {
      "f1": 0.021570902680872816,
      "stability": 0.8826717646568024,
      "lopo_f1": 0.01818181818181818,
      "joint_f1": 0.018181818181818184,
      "perm_f1": 0.024365660056886625
    },
    "14": {
      "f1": 0.022123137320633895,
      "stability": 0.887758805303639,
      "lopo_f1": 0.01818181818181818,
      "joint_f1": 0.018181818181818184,
      "perm_f1": 0.03654357694360284
    },
    "15": {
      "f1": 0.022225526632177584,
      "stability": 0.887976541083583,
      "lopo_f1": 0.01818181818181818,
      "joint_f1": 0.018181818181818184,
      "perm_f1": 0.032895771157119856
    },
    "16": {
      "f1": 0.022329306732884642,
      "stability": 0.8882874334837167,
      "lopo_f1": 0.01818181818181818,
      "joint_f1": 0.018181818181818184,
      "perm_f1": 0.0362975807064387
    },
    "24": {
      "f1": 0.024245358611144636,
      "stability": 0.9234420841942507,
      "lopo_f1": 0.01818181818181818,
      "joint_f1": 0.018181818181818184,
      "perm_f1": 0.032373061050508675
    }
  },
  "comparison": {}
}