{"layer": 11, "mean_f1": 0.3068318901235256, "all_f1s": [0.28705368808607634, 0.32741557574341024, 0.3116265137614689, 0.29208798882398457, 0.3159756842026877]}