{"layer": 10, "mean_f1": 0.30631100033195047, "all_f1s": [0.29123463362951013, 0.3235028732908808, 0.3150467817334886, 0.28591712778643397, 0.31585358521943885]}