{"layer": 0, "mean_f1": 0.28817991264714077, "all_f1s": [0.2693926849739269, 0.30798605741393276, 0.28077479148503237, 0.27489569735796376, 0.307850332004848]}