{"layer": 12, "mean_f1": 0.3031449125147965, "all_f1s": [0.28621702635469265, 0.3361942634978979, 0.30723631005589846, 0.28445676797828945, 0.301620194687204]}