{"layer": 14, "mean_f1": 0.30846719003045103, "all_f1s": [0.29463663743115953, 0.3485564945508407, 0.3031602549704122, 0.28291753573485323, 0.3130650274649892]}