{"layer": 15, "mean_f1": 0.31621121225127163, "all_f1s": [0.2955810053122398, 0.3383472080234353, 0.3225384343379707, 0.299111502679199, 0.32547791090351336]}