{"layer": 16, "mean_f1": 0.30342405251669596, "all_f1s": [0.2874511876153655, 0.3281503032574258, 0.2983493232288649, 0.29199867980610195, 0.31117076867572163]}