{"layer": 13, "mean_f1": 0.30525582418308617, "all_f1s": [0.2877882406614435, 0.33703862071218427, 0.29807605575496676, 0.2934440844183604, 0.30993211936847576]}