{"layer": 24, "mean_f1": 0.2681665052031669, "all_f1s": [0.24776067760001705, 0.27408340688783506, 0.2611524048675961, 0.28317590134978665, 0.27466013531059996]}