{"layer": 10, "mean_f1": 0.2387535714285714, "all_f1s": [0.3, 0.3733333333333333, 0.03333333333333333, 0.14999999999999997, 0.29, 0.2, 0.0, 0.2833333333333333, 0.25, 0.06666666666666667, 0.42857142857142855, 0.31666666666666665, 0.2333333333333333, 0.44000000000000006, 0.20666666666666664, 0.24999999999999994, 0.06666666666666667, 0.11666666666666665, 0.11666666666666665, 0.21666666666666665, 0.3, 0.3833333333333333, 0.2, 0.25, 0.25, 0.13333333333333333, 0.16666666666666666, 0.33999999999999997, 0.2833333333333333, 0.24, 0.30666666666666664, 0.21666666666666665, 0.16666666666666666, 0.13333333333333333, 0.24, 0.2733333333333333, 0.1, 0.19999999999999998, 0.24, 0.1, 0.10666666666666666, 0.26666666666666666, 0.18, 0.1619047619047619, 0.25666666666666665, 0.20666666666666664, 0.1833333333333333, 0.21666666666666665, 0.26666666666666666, 0.11666666666666665, 0.19, 0.54, 0.18, 0.26666666666666666, 0.15666666666666665, 0.24, 0.11666666666666665, 0.36666666666666664, 0.16666666666666666, 0.09523809523809523, 0.3833333333333333, 0.4833333333333333, 0.13333333333333333, 0.2, 0.35, 0.16666666666666666, 0.11666666666666665, 0.31666666666666665, 0.24, 0.16666666666666666, 0.5333333333333333, 0.39, 0.21666666666666665, 0.25, 0.2833333333333333, 0.26666666666666666, 0.1, 0.4666666666666666, 0.3, 0.15666666666666665, 0.13999999999999999, 0.13999999999999999, 0.1, 0.19, 0.64, 0.06666666666666667, 0.1833333333333333, 0.3, 0.3333333333333333, 0.1952380952380952, 0.3, 0.1952380952380952, 0.15, 0.19166666666666665, 0.10666666666666666, 0.16666666666666666, 0.06666666666666667, 0.22857142857142856, 0.15, 0.30666666666666664, 0.31666666666666665, 0.26666666666666666, 0.13333333333333333, 0.25, 0.3833333333333333, 0.31666666666666665, 0.06666666666666667, 0.2333333333333333, 0.4166666666666667, 0.04, 0.3, 0.31666666666666665, 0.36666666666666664, 0.19, 0.2833333333333333, 0.33999999999999997, 0.05, 0.25666666666666665, 0.5, 0.44000000000000006, 0.4333333333333333, 0.6, 0.1, 0.08, 0.24, 0.13999999999999999, 0.2333333333333333, 0.41666666666666663, 0.16666666666666666, 0.41666666666666663, 0.3, 0.6, 0.20666666666666664, 0.36666666666666664, 0.4833333333333333, 0.21666666666666665, 0.15, 0.21666666666666665, 0.26666666666666666, 0.39, 0.26666666666666666, 0.19, 0.3, 0.075, 0.25666666666666665, 0.2952380952380952, 0.1619047619047619, 0.37333333333333335, 0.18, 0.04, 0.55, 0.45, 0.35, 0.09166666666666666, 0.2733333333333333, 0.35, 0.15, 0.2833333333333333, 0.18, 0.16666666666666666, 0.3333333333333333, 0.4666666666666667, 0.09166666666666666, 0.125, 0.5066666666666667, 0.2333333333333333, 0.16666666666666666, 0.3, 0.26666666666666666, 0.16666666666666666, 0.2833333333333333, 0.4333333333333333, 0.15666666666666668, 0.17857142857142855, 0.25666666666666665, 0.18333333333333332, 0.0, 0.11666666666666665, 0.1619047619047619, 0.09, 0.2733333333333333, 0.1, 0.09, 0.11666666666666665, 0.20666666666666664, 0.16666666666666666, 0.0, 0.2833333333333333, 0.13333333333333333, 0.26666666666666666, 0.27999999999999997, 0.6, 0.2, 0.13999999999999999, 0.39, 0.15, 0.2, 0.11666666666666665, 0.0, 0.2333333333333333], "mean_stability": 0.9179608527082237, "all_stabilities": [0.9181461558061376, 0.9182003914935752, 0.9177197756343924, 0.9182599597701782, 0.9182114927659217, 0.918037420325344, 0.9178551392786967, 0.918168534886053, 0.9175401607003891, 0.9177909194661831, 0.917919042209428, 0.918080515394411, 0.9180574956992587, 0.9179604046559842, 0.9180309395246986, 0.9179989910178374, 0.9181648476251087, 0.9179395205228665, 0.9180577225126575, 0.9177655554702676, 0.9178289807347033, 0.918036397601323, 0.9179583783925105, 0.918101150932699, 0.9179731492157183, 0.9180809038122643, 0.9181241908378839, 0.9181735289738983, 0.9179260500851637, 0.9180272484443753, 0.9178426421180008, 0.9181352766874316, 0.9179110391581962, 0.9180385536779235, 0.9180264439593963, 0.9180593740459837, 0.917981542070034, 0.9181453672613593, 0.9180558699200839, 0.9179761072276511, 0.9181783600421415, 0.918218668226116, 0.9179575654421914, 0.9182881253760629, 0.918094449038448, 0.9180917102459727, 0.9179894419769743, 0.9181420108176022, 0.9177353242857598, 0.9180008038737697, 0.9183458032700209, 0.9181554841954724, 0.9180723469947051, 0.9181770514010195, 0.9181297694649795, 0.9179475154089769, 0.9180479985820572, 0.917901801290564, 0.9178798837463639, 0.9182206918378111, 0.9180879469900095, 0.9180351026296145, 0.9177670802614392, 0.9181878655782203, 0.9181484789427122, 0.9176933974454424, 0.9176481647341872, 0.9180644861278833, 0.9176816627685616, 0.9179951844212069, 0.917985411355642, 0.9181339587645964, 0.9179918273079082, 0.9179474298216226, 0.9180481137196294, 0.9179162434380459, 0.9179017726449603, 0.918093006042257, 0.9180595711609099, 0.9179885649506809, 0.9178738253370989, 0.9184872127580267, 0.9180648339412155, 0.9186434249365188, 0.9180668064987252, 0.9174039087194801, 0.9168915879037194, 0.918124454932344, 0.9177599287799725, 0.9169261502132517, 0.9179967893255142, 0.9182218989138015, 0.9180720334461062, 0.9179982204753483, 0.9181304857931039, 0.9180858899600398, 0.9181828842792378, 0.9181272121668901, 0.9178926237393685, 0.9180050176574166, 0.9178655397930651, 0.9181373670714649, 0.91799159287161, 0.9179617527067336, 0.9179762451449035, 0.9179499419240951, 0.9179888339090405, 0.9179276984352809, 0.9180147596377809, 0.9180508704070516, 0.9180582594937498, 0.9178784004465548, 0.9181032192053179, 0.9179143343374607, 0.9180025956246174, 0.918098081209609, 0.9180281822380373, 0.9179850778178567, 0.9180484335140753, 0.9179084678394422, 0.9179610552843999, 0.9178507798966944, 0.9179265574386781, 0.9186353962533857, 0.9180771150785081, 0.9173259468027248, 0.9181819783171381, 0.9179499352376418, 0.917695567998531, 0.9174740284653655, 0.918213624870743, 0.9179889409015634, 0.917912291354561, 0.9180532503355087, 0.9179800591897533, 0.9177199775890841, 0.9179601188238783, 0.9179418744447728, 0.9179118860140877, 0.917804342739279, 0.9182401450093529, 0.918247793727887, 0.9165560843270747, 0.9184051687089871, 0.9182778697469157, 0.9163759834063991, 0.9182323590675765, 0.9184614375524951, 0.9185194626942671, 0.9179330084724733, 0.9177225119211421, 0.917798481810455, 0.9175388012391033, 0.9188286696801556, 0.9180902209840738, 0.9167018802847533, 0.9174599242173921, 0.9182589340255657, 0.9175570330897637, 0.9174126145922639, 0.9176699538105304, 0.9180747433379945, 0.9187946549952981, 0.9185806382871533, 0.9183024501132145, 0.9166663231265451, 0.9174969512529444, 0.9174571021764321, 0.9169997291247991, 0.917463485091699, 0.9180686187769466, 0.9179482336927963, 0.9179886440373831, 0.9180758566125189, 0.9182240548881048, 0.918064650081153, 0.9180935216436042, 0.9181511103675397, 0.9180686583359391, 0.9180163641780388, 0.9179311271572528, 0.918001999909742, 0.9179293835213945, 0.9178772740492243, 0.9180871101604413, 0.9179127475033357, 0.9180395987777507, 0.9181290357455587, 0.9180874331471122, 0.9180279890912779, 0.9177439515142772, 0.9179863283009049, 0.9177404914148163, 0.9182565742267131, 0.9180388625863813, 0.9173680495811507, 0.9179656199224325, 0.9179508656349522, 0.9179015448742808, 0.917703601057265]}