{"layer": 11, "mean_f1": 0.2399095238095238, "all_f1s": [0.4066666666666666, 0.4833333333333333, 0.02857142857142857, 0.2333333333333333, 0.4066666666666666, 0.16666666666666666, 0.0, 0.3, 0.25, 0.06666666666666667, 0.4333333333333333, 0.31666666666666665, 0.2333333333333333, 0.30666666666666664, 0.20666666666666664, 0.25, 0.06666666666666667, 0.11666666666666665, 0.10666666666666666, 0.21666666666666665, 0.4333333333333333, 0.3833333333333333, 0.2, 0.25, 0.3333333333333333, 0.06666666666666667, 0.15, 0.30666666666666664, 0.21666666666666665, 0.24, 0.2833333333333333, 0.21666666666666665, 0.16666666666666666, 0.06666666666666667, 0.23333333333333334, 0.26666666666666666, 0.1, 0.13333333333333333, 0.13999999999999999, 0.1, 0.10666666666666666, 0.26666666666666666, 0.18, 0.1619047619047619, 0.25666666666666665, 0.16666666666666666, 0.1, 0.21666666666666665, 0.35, 0.1, 0.25, 0.54, 0.2, 0.2733333333333333, 0.24999999999999994, 0.21666666666666665, 0.11666666666666665, 0.36666666666666664, 0.13333333333333333, 0.09166666666666666, 0.4, 0.4833333333333333, 0.13333333333333333, 0.2, 0.35, 0.16666666666666666, 0.11666666666666665, 0.31666666666666665, 0.25, 0.15, 0.5333333333333333, 0.2733333333333333, 0.21666666666666665, 0.25, 0.39999999999999997, 0.26666666666666666, 0.1, 0.4666666666666666, 0.41666666666666663, 0.15666666666666665, 0.13999999999999999, 0.13333333333333333, 0.1, 0.19, 0.64, 0.06666666666666667, 0.11666666666666665, 0.3, 0.3333333333333333, 0.3, 0.4066666666666666, 0.1952380952380952, 0.13999999999999999, 0.19166666666666665, 0.21666666666666665, 0.16666666666666666, 0.0, 0.22857142857142856, 0.15, 0.30666666666666664, 0.31666666666666665, 0.13333333333333333, 0.06666666666666667, 0.25, 0.3833333333333333, 0.21666666666666665, 0.06666666666666667, 0.2333333333333333, 0.4166666666666667, 0.04, 0.3, 0.3333333333333333, 0.36666666666666664, 0.19, 0.26666666666666666, 0.33999999999999997, 0.05, 0.25666666666666665, 0.4, 0.31666666666666665, 0.4333333333333333, 0.6, 0.1, 0.08, 0.24, 0.13999999999999999, 0.13333333333333333, 0.5166666666666666, 0.13333333333333333, 0.41666666666666663, 0.4066666666666666, 0.6, 0.20666666666666664, 0.36666666666666664, 0.4833333333333333, 0.2333333333333333, 0.15, 0.1, 0.26666666666666666, 0.39, 0.36666666666666664, 0.19, 0.3, 0.075, 0.25666666666666665, 0.2952380952380952, 0.09523809523809523, 0.5066666666666666, 0.18, 0.04, 0.55, 0.3833333333333333, 0.35, 0.09166666666666666, 0.2733333333333333, 0.35, 0.15, 0.31666666666666665, 0.18, 0.16666666666666666, 0.4333333333333333, 0.4666666666666667, 0.09166666666666666, 0.125, 0.5066666666666667, 0.26666666666666666, 0.2, 0.3333333333333333, 0.15, 0.16666666666666666, 0.2833333333333333, 0.4333333333333333, 0.15666666666666668, 0.17857142857142855, 0.25666666666666665, 0.18333333333333332, 0.0, 0.10666666666666666, 0.1619047619047619, 0.09, 0.2733333333333333, 0.11666666666666665, 0.09, 0.11666666666666665, 0.16666666666666666, 0.16666666666666666, 0.0, 0.2733333333333333, 0.20666666666666664, 0.26666666666666666, 0.36666666666666664, 0.6, 0.2, 0.13999999999999999, 0.39, 0.15, 0.13333333333333333, 0.21666666666666665, 0.0, 0.26666666666666666], "mean_stability": 0.9176705550924267, "all_stabilities": [0.9178606728575645, 0.9179214967049386, 0.9174169659242318, 0.917964157459666, 0.9179310965918791, 0.917771069170956, 0.9175628767429063, 0.9178943607129879, 0.9172193240595743, 0.9174737677373607, 0.917623622017385, 0.9178151493276545, 0.9177652961516156, 0.9176762532091314, 0.917752716905853, 0.9176887954925979, 0.9178788240770389, 0.9176655508681952, 0.9177604028507128, 0.9174759403907066, 0.9175445702309997, 0.9177251846827141, 0.9176943679150871, 0.9178132470287246, 0.9176985329772531, 0.9177733803173476, 0.9178194168342019, 0.917880154357765, 0.9176405986115729, 0.9177420081869563, 0.917542238716692, 0.9178630521049678, 0.917623887407165, 0.9177646406428694, 0.9177567590125049, 0.9177533225096427, 0.9176874742462934, 0.9178402511595605, 0.9177708222738957, 0.9176789572318114, 0.9178930138588444, 0.917921387321433, 0.9176745856406857, 0.9180034012437552, 0.9177946767575913, 0.917799244433849, 0.9176972402667383, 0.9178320483199911, 0.9174588642225965, 0.9177022573004588, 0.9180506812251549, 0.917879187259766, 0.9177817196482152, 0.9178896577628803, 0.9178544984273158, 0.9176457030630545, 0.9177190236987609, 0.9176074528032843, 0.9176005526562946, 0.9179205114965239, 0.9178197783500442, 0.9177425669176463, 0.9174872981732983, 0.9178877410306671, 0.9178512703329076, 0.9173877247173469, 0.9173437873947778, 0.9177889662100606, 0.9174097700391923, 0.9176917863513662, 0.91769391874134, 0.9178280394222499, 0.9176976250961133, 0.9176786808969641, 0.9177476830303188, 0.9176295188876663, 0.9176200141579489, 0.9178257274408452, 0.9177747339181603, 0.9176836985607106, 0.9176177772118533, 0.9181792344229217, 0.9177908571771362, 0.9183319066455509, 0.9177816602491475, 0.9171127515351298, 0.916573609665184, 0.9178612062240135, 0.9174694781427283, 0.916651918225743, 0.9176913678344862, 0.9179467767660399, 0.9177911877823416, 0.9177167138674202, 0.9178467025493143, 0.9177827251676458, 0.9178894991309822, 0.9178169959869157, 0.9176007678888469, 0.9176990956347337, 0.9175762823441305, 0.9178640102966302, 0.9177061207365126, 0.9176707946505218, 0.917692107389429, 0.9176471275511805, 0.9177245497278068, 0.9176330937465946, 0.9177141333290668, 0.9177740141461337, 0.917767365345561, 0.9175866139095612, 0.9178223672597691, 0.9176236317454614, 0.9177226566029134, 0.9178074542796427, 0.9177244309616324, 0.917698401323252, 0.917771072450115, 0.9176228697903632, 0.9176783430303741, 0.9175818528791904, 0.9176322826892086, 0.9183451569662513, 0.9177825129094005, 0.917062714812279, 0.9178808595236019, 0.9176586728865599, 0.9173739236785436, 0.9171866347173587, 0.9179166351792842, 0.9176929169302357, 0.9176159863934672, 0.91775062182471, 0.9176918510828314, 0.9174385192772906, 0.9176758423734261, 0.9176666921870147, 0.9176171613021633, 0.9175369218548676, 0.9179163873478654, 0.9179566908192948, 0.9162217842540942, 0.9180973338173464, 0.9180340854366417, 0.9160450367087518, 0.9179919789942435, 0.9181740350643729, 0.9182535808236303, 0.9176193563246168, 0.9174250783278094, 0.9175040188843366, 0.9171962891002865, 0.9185306234358646, 0.9177897169908296, 0.9164276925456173, 0.917169027058948, 0.9179823767945464, 0.9172789403144556, 0.9171086139932164, 0.9174002562419347, 0.9177882823385541, 0.9184915184318545, 0.9182853856173073, 0.9180485016238296, 0.9163495210516579, 0.9171942335295666, 0.9171294584860858, 0.9166759606006065, 0.9171867224090166, 0.9177811559419282, 0.917646641800299, 0.9177143227874971, 0.9177720214626461, 0.9179279814033124, 0.9177755421682242, 0.9178164955895964, 0.9178472985869522, 0.9177928253708227, 0.9177211963661811, 0.9176290468485598, 0.917719361231207, 0.9176482278893221, 0.9176081389585937, 0.9178071419956856, 0.9176020904149841, 0.9177508260912279, 0.9178439214930496, 0.9178020577563861, 0.9177289088609406, 0.9174553550460341, 0.9176904025006876, 0.9174696565551924, 0.9179527347267161, 0.9177421352481019, 0.9170893098089967, 0.9176830147955636, 0.9176625508802336, 0.9176002087704086, 0.9174232847985155]}