{"layer": 12, "mean_f1": 0.24358452380952378, "all_f1s": [0.3833333333333333, 0.4, 0.02857142857142857, 0.26666666666666666, 0.29, 0.2, 0.06666666666666667, 0.2833333333333333, 0.25, 0.06666666666666667, 0.4333333333333333, 0.31666666666666665, 0.2333333333333333, 0.54, 0.20666666666666664, 0.25, 0.06666666666666667, 0.13333333333333333, 0.04, 0.2333333333333333, 0.4333333333333333, 0.26666666666666666, 0.16666666666666666, 0.25, 0.24, 0.06666666666666667, 0.16666666666666666, 0.41666666666666663, 0.21666666666666665, 0.24, 0.2833333333333333, 0.2, 0.25, 0.06666666666666667, 0.19999999999999998, 0.26666666666666666, 0.05, 0.19999999999999998, 0.24, 0.1, 0.20666666666666664, 0.26666666666666666, 0.18, 0.1619047619047619, 0.2333333333333333, 0.20666666666666664, 0.06666666666666667, 0.21666666666666665, 0.35, 0.1, 0.19, 0.54, 0.18333333333333332, 0.1619047619047619, 0.15666666666666665, 0.24, 0.16666666666666666, 0.36666666666666664, 0.3, 0.06666666666666667, 0.4, 0.3833333333333333, 0.13333333333333333, 0.13333333333333333, 0.3833333333333333, 0.16666666666666666, 0.11666666666666665, 0.31666666666666665, 0.25, 0.1, 0.5333333333333333, 0.24, 0.21666666666666665, 0.25, 0.39999999999999997, 0.26666666666666666, 0.16666666666666666, 0.4333333333333333, 0.41666666666666663, 0.15666666666666665, 0.13999999999999999, 0.13333333333333333, 0.1, 0.19, 0.64, 0.06666666666666667, 0.15, 0.3, 0.4333333333333333, 0.3, 0.3833333333333333, 0.1952380952380952, 0.13999999999999999, 0.19166666666666665, 0.21666666666666665, 0.16666666666666666, 0.06666666666666667, 0.22857142857142856, 0.25, 0.30666666666666664, 0.31666666666666665, 0.13333333333333333, 0.13333333333333333, 0.26666666666666666, 0.3833333333333333, 0.21666666666666665, 0.06666666666666667, 0.21666666666666665, 0.5166666666666667, 0.03333333333333333, 0.3, 0.35, 0.36666666666666664, 0.29, 0.29, 0.24, 0.05, 0.2733333333333333, 0.5, 0.44000000000000006, 0.4, 0.6, 0.1, 0.08, 0.24, 0.13999999999999999, 0.13333333333333333, 0.41666666666666663, 0.16666666666666666, 0.41666666666666663, 0.4066666666666666, 0.6, 0.20666666666666664, 0.3333333333333333, 0.4833333333333333, 0.2333333333333333, 0.11666666666666665, 0.25, 0.26666666666666666, 0.39, 0.26666666666666666, 0.19, 0.16666666666666666, 0.075, 0.25666666666666665, 0.29523809523809524, 0.1619047619047619, 0.37333333333333335, 0.18, 0.04, 0.55, 0.3, 0.35, 0.09166666666666666, 0.2733333333333333, 0.35, 0.11666666666666665, 0.31666666666666665, 0.18, 0.1833333333333333, 0.4333333333333333, 0.4666666666666667, 0.09166666666666666, 0.125, 0.39, 0.2, 0.2, 0.4666666666666666, 0.11666666666666665, 0.16666666666666666, 0.2833333333333333, 0.4333333333333333, 0.15666666666666668, 0.17857142857142855, 0.25666666666666665, 0.18333333333333332, 0.0, 0.11666666666666665, 0.26666666666666666, 0.09, 0.4066666666666666, 0.11666666666666665, 0.09, 0.2333333333333333, 0.21666666666666665, 0.16666666666666666, 0.0, 0.26666666666666666, 0.2, 0.26666666666666666, 0.39, 0.6, 0.2, 0.13999999999999999, 0.39, 0.15, 0.16666666666666666, 0.21666666666666665, 0.1, 0.26666666666666666], "mean_stability": 0.9180468142605407, "all_stabilities": [0.9182537965446673, 0.9182781865335444, 0.9178219608144393, 0.9183396170944309, 0.9182920874838152, 0.9181471599414366, 0.9179223541842756, 0.9182618898424456, 0.9176132310071751, 0.917837907879232, 0.9179871126268491, 0.9181977917185952, 0.9181304740309766, 0.9180674298908519, 0.9181334343904789, 0.9180642183172786, 0.9182688097231511, 0.9180338510564973, 0.9181281429910217, 0.9178509537055207, 0.9179082364401078, 0.9181433808962185, 0.9180694763035208, 0.9181963266489346, 0.9180505384341883, 0.9181494061987514, 0.918179399924291, 0.9182507300484517, 0.9180221113948418, 0.9181271917340392, 0.917906681321554, 0.9182474032003454, 0.9179968472577331, 0.9181622958568514, 0.9181299536745122, 0.9181211054468938, 0.9180361828778653, 0.9182337701356765, 0.9181646366723657, 0.9180421371591239, 0.9182723292033103, 0.9183110845010525, 0.9180352005528836, 0.9183618669551461, 0.9181719627329544, 0.9181719528876127, 0.918066746603623, 0.9182200203691705, 0.917865722086896, 0.9180850282263402, 0.9184382824069859, 0.9182452277036862, 0.9181373037310395, 0.9182622991054199, 0.918228229387603, 0.9180480251424917, 0.9181206257115175, 0.9179659955647171, 0.9179785510793323, 0.918303325638951, 0.9182027446208603, 0.9181075698602422, 0.917885753172522, 0.9182615257704043, 0.9182254440042362, 0.9177845703818557, 0.9177239442034468, 0.9181621798166324, 0.9177858854680704, 0.9180533814068944, 0.9180676186345446, 0.9182129736016122, 0.918090147704409, 0.9180701202940034, 0.918117521229237, 0.9179984326280538, 0.9179877243614085, 0.918187429960249, 0.9181487558464069, 0.9180475203655378, 0.9179634769168621, 0.9185421197547112, 0.9181795924398182, 0.9186987681370006, 0.9181371652541882, 0.9175009269830869, 0.9169470776457036, 0.9182313797529684, 0.9178518507770577, 0.9170321881487, 0.9180661500242133, 0.9183551545947474, 0.9181596181149511, 0.9180929025870915, 0.918220987787714, 0.9181484094832758, 0.918273334868321, 0.9181874761811123, 0.9179793470544219, 0.9180575235748372, 0.9179616172226932, 0.9182094346342986, 0.9180686791433516, 0.9180612676626165, 0.9180446121096697, 0.9180476721545489, 0.9181064359246293, 0.9180032590913976, 0.918088436398004, 0.9181314829792457, 0.9181757779564567, 0.9179635420024705, 0.9181910451400654, 0.917997698363885, 0.9180897364704158, 0.9181969654803115, 0.9180794489216174, 0.9180576359867789, 0.9181419384103421, 0.9179731464344867, 0.9180911829140779, 0.9179710268144019, 0.9180041743922768, 0.9186861509420732, 0.9181660021487226, 0.9174558316419426, 0.9182245553056496, 0.918030305561145, 0.9177564495172957, 0.9176111807737536, 0.9182912261687409, 0.9181063750050263, 0.9179757945204277, 0.9181381798908239, 0.918083608524554, 0.9177907569705303, 0.9180536278906674, 0.9180316173022494, 0.9179976961104191, 0.9179299198847426, 0.9182632635651459, 0.9183069779908746, 0.9166286329872634, 0.9184784258249392, 0.9184183293360288, 0.9164135043174884, 0.918383753684678, 0.9185550441635073, 0.9186454735463636, 0.9179571772802679, 0.9178039282914632, 0.9178763574775317, 0.9175897548822007, 0.9188762974217328, 0.9181640219354433, 0.9168192871348418, 0.9175735244695762, 0.9183351872924324, 0.917652406291146, 0.9175207314526173, 0.9177712611705708, 0.9181667109762925, 0.9188320981977334, 0.9186119903191685, 0.9184226541835374, 0.9167096102599226, 0.9176113605837466, 0.9175380011023204, 0.9171129138065902, 0.9175766778896428, 0.9181618613046594, 0.9180125286839065, 0.9180845057927784, 0.9181515037589325, 0.9183051219901026, 0.9181276532694908, 0.9182064600187886, 0.918216552129955, 0.9181839680073367, 0.9180813444310558, 0.9179921253643656, 0.9180958401526175, 0.9180234607298459, 0.9179783480610141, 0.9182012101914818, 0.9179707542186877, 0.9181160418472933, 0.9182326289243147, 0.9181727128929362, 0.9181042911905717, 0.9177890716046153, 0.9180584454254206, 0.9178578246665186, 0.9183177953349293, 0.9181377677913984, 0.9174394622799493, 0.9180602212485132, 0.918057221230864, 0.9180249183925504, 0.9177956641662932]}