{"layer": 14, "mean_f1": 0.2405083333333333, "all_f1s": [0.30666666666666664, 0.2733333333333333, 0.025, 0.25666666666666665, 0.19, 0.13333333333333333, 0.04, 0.31666666666666665, 0.25, 0.11666666666666665, 0.4333333333333333, 0.41666666666666663, 0.2333333333333333, 0.54, 0.33999999999999997, 0.24999999999999994, 0.2, 0.13333333333333333, 0.15, 0.2333333333333333, 0.4333333333333333, 0.2733333333333333, 0.16666666666666666, 0.25, 0.2333333333333333, 0.16666666666666666, 0.15, 0.31666666666666665, 0.1, 0.25, 0.29999999999999993, 0.2, 0.11666666666666665, 0.06666666666666667, 0.21666666666666665, 0.26666666666666666, 0.1, 0.19999999999999998, 0.03333333333333333, 0.10666666666666666, 0.20666666666666664, 0.26666666666666666, 0.18, 0.1619047619047619, 0.25666666666666665, 0.21666666666666665, 0.06666666666666667, 0.21666666666666665, 0.3333333333333333, 0.05, 0.19, 0.54, 0.26666666666666666, 0.16666666666666666, 0.16666666666666666, 0.25, 0.11666666666666665, 0.36666666666666664, 0.13999999999999999, 0.04, 0.3833333333333333, 0.31666666666666665, 0.31666666666666665, 0.13333333333333333, 0.35, 0.2, 0.11666666666666665, 0.31666666666666665, 0.25, 0.15, 0.5333333333333333, 0.24, 0.21666666666666665, 0.25, 0.3833333333333333, 0.21666666666666665, 0.2, 0.4333333333333333, 0.41666666666666663, 0.20666666666666664, 0.13999999999999999, 0.13333333333333333, 0.1, 0.15666666666666668, 0.64, 0.06666666666666667, 0.15, 0.3, 0.29999999999999993, 0.3, 0.4066666666666666, 0.3, 0.25, 0.1952380952380952, 0.21666666666666665, 0.16666666666666666, 0.06666666666666667, 0.22857142857142856, 0.25, 0.20666666666666664, 0.31666666666666665, 0.26666666666666666, 0.13333333333333333, 0.25, 0.3833333333333333, 0.21666666666666665, 0.10666666666666666, 0.21666666666666665, 0.5166666666666667, 0.11666666666666665, 0.3, 0.31666666666666665, 0.36666666666666664, 0.29, 0.3833333333333333, 0.30666666666666664, 0.05, 0.2733333333333333, 0.5, 0.25, 0.4, 0.6, 0.1, 0.08, 0.24, 0.13999999999999999, 0.2333333333333333, 0.6166666666666666, 0.16666666666666666, 0.41666666666666663, 0.4066666666666666, 0.5, 0.20666666666666664, 0.3333333333333333, 0.6166666666666666, 0.2333333333333333, 0.16666666666666666, 0.21666666666666665, 0.26666666666666666, 0.5, 0.26666666666666666, 0.19, 0.3, 0.075, 0.25666666666666665, 0.2952380952380952, 0.1952380952380952, 0.37333333333333335, 0.18, 0.04, 0.55, 0.2833333333333333, 0.35, 0.09166666666666666, 0.2733333333333333, 0.25, 0.15, 0.31666666666666665, 0.18, 0.25666666666666665, 0.2833333333333333, 0.3333333333333333, 0.09166666666666666, 0.125, 0.5066666666666667, 0.16666666666666666, 0.1, 0.3, 0.2333333333333333, 0.13333333333333333, 0.2833333333333333, 0.4333333333333333, 0.15666666666666668, 0.17857142857142855, 0.25666666666666665, 0.18333333333333332, 0.0, 0.11666666666666665, 0.1619047619047619, 0.09, 0.36666666666666664, 0.1, 0.09, 0.11666666666666665, 0.21666666666666665, 0.16666666666666666, 0.0, 0.2, 0.13999999999999999, 0.3, 0.27999999999999997, 0.4666666666666666, 0.2, 0.13999999999999999, 0.4066666666666666, 0.11666666666666665, 0.15, 0.21666666666666665, 0.1, 0.13333333333333333], "mean_stability": 0.9191398239892123, "all_stabilities": [0.9193476335770507, 0.9193516358342508, 0.9189260607885897, 0.9194202876162576, 0.9193998760317752, 0.9192590617343279, 0.9189929769210288, 0.9193606259552082, 0.9186821422216246, 0.9189415356505821, 0.9190920292169265, 0.9192925172482205, 0.9191885005669068, 0.9191593362631394, 0.9192324944801671, 0.9191346645533638, 0.9193557992705511, 0.9191267363270536, 0.9192155593544801, 0.9189343959079628, 0.9190046609815801, 0.9191959632677488, 0.9191826171048074, 0.9192852462069869, 0.9191453229645192, 0.9192276275341978, 0.9192824353991493, 0.919329574641551, 0.9191183537065918, 0.9192139675093246, 0.9190329346324886, 0.919334799084017, 0.9190554287674422, 0.9192435532974065, 0.9192408510288257, 0.9191902237249154, 0.9191226018516019, 0.9193374466112496, 0.9192335723262293, 0.9191303003213432, 0.9193860636885857, 0.9194077692203377, 0.9191341678789093, 0.9194569477765215, 0.9192462820727106, 0.9192432235182167, 0.9191336755964157, 0.9193184246744887, 0.9189697657112681, 0.9191647395673476, 0.9195317312745848, 0.9193541474618495, 0.9192516576392904, 0.9193825960401909, 0.9193195166405607, 0.9191182895658729, 0.9191839231475708, 0.9190420260096909, 0.9190529875863392, 0.9193943698684304, 0.9192866714558038, 0.9191983351743319, 0.9190169799739394, 0.9193285738083434, 0.9192986375774549, 0.918971648067837, 0.9188164157999894, 0.9192293396063859, 0.9189010940290933, 0.9191420248618716, 0.9191620278918835, 0.919304552241862, 0.919182429881084, 0.9191421392151129, 0.9192087278037917, 0.9190944440778791, 0.9191080047792782, 0.9192713048317499, 0.9192167826247569, 0.9191557044345873, 0.9190306626580943, 0.9196215740509001, 0.919326418722948, 0.9197768200732325, 0.919222059850427, 0.9185980655295924, 0.9180725969074013, 0.9193029920212755, 0.9190332169347091, 0.9181050670497601, 0.9191674582074937, 0.9194533174288336, 0.9192565633510167, 0.9192095551143609, 0.9193034386764287, 0.9192387644025102, 0.919377559136211, 0.9192835583959058, 0.9190446195612012, 0.9190993404545204, 0.9190637943248996, 0.9192722540333111, 0.9191928559852359, 0.9191577028477556, 0.9191020342852273, 0.9191717508368725, 0.9191878044116943, 0.9190995423194327, 0.919191366489334, 0.9192147268740761, 0.9192562043869346, 0.9190431150808551, 0.9192756218508263, 0.9191152676591561, 0.9191957632529061, 0.9193017924462301, 0.9191730791048418, 0.9191463522486929, 0.919235620225486, 0.9190877212196205, 0.9191955069579822, 0.9190638471763044, 0.9190962208294404, 0.91979191335896, 0.9191948049816103, 0.9185709097433193, 0.91937197348102, 0.919086679492569, 0.9188396176551986, 0.9186744590775963, 0.9193702190855101, 0.9191933594258106, 0.9190712889956126, 0.9192217225636193, 0.9191793514658497, 0.918929618333259, 0.9191294635247417, 0.9191211652310016, 0.9191214538476482, 0.9190043266491614, 0.9193747742449963, 0.9194041047118681, 0.9177934397076843, 0.9195603531487982, 0.9195056153828354, 0.9175248099077529, 0.9194673223587848, 0.9196200699607774, 0.919704814650693, 0.9190460616615047, 0.9188498142132492, 0.9189889129240438, 0.9186614454564547, 0.9199365895380206, 0.9191988566232098, 0.9180539992054735, 0.9186292940899182, 0.919417817748009, 0.9187568457515635, 0.9186345940096043, 0.9188367552005593, 0.9193254996324596, 0.9199098670200702, 0.9196962577534066, 0.9194621666803442, 0.9177233129924802, 0.9187244467242774, 0.9186013140625405, 0.9183144676109697, 0.9186912237522531, 0.9192866546956553, 0.9191422700587351, 0.9191822734901288, 0.9192896506585099, 0.9193842961071595, 0.91920792242142, 0.9192542047360008, 0.919300086613134, 0.9192771554265893, 0.9191402751424051, 0.9191186357132691, 0.919187997936619, 0.9190971502829411, 0.9190925386606074, 0.9193284962947361, 0.9190916057192217, 0.9192134782021986, 0.9192851057425855, 0.9192689027850877, 0.9191806782189372, 0.9188936953037989, 0.9191420819275878, 0.9189450733096862, 0.9193980689397774, 0.9191992808457545, 0.9186172516091018, 0.9192048460884934, 0.9191078370657536, 0.919103645311427, 0.9189233779664633]}