{"layer": 13, "mean_f1": 0.2359146825396825, "all_f1s": [0.30666666666666664, 0.2733333333333333, 0.025, 0.15, 0.29, 0.13999999999999999, 0.04, 0.31666666666666665, 0.2333333333333333, 0.11666666666666665, 0.4333333333333333, 0.41666666666666663, 0.2333333333333333, 0.54, 0.20666666666666664, 0.25, 0.10666666666666666, 0.11666666666666665, 0.05, 0.21666666666666665, 0.4333333333333333, 0.26666666666666666, 0.16666666666666666, 0.25, 0.3333333333333333, 0.06666666666666667, 0.16666666666666666, 0.41666666666666663, 0.2833333333333333, 0.24, 0.29999999999999993, 0.2, 0.21666666666666665, 0.06666666666666667, 0.20666666666666664, 0.26666666666666666, 0.05, 0.19999999999999998, 0.24, 0.1, 0.20666666666666664, 0.26666666666666666, 0.18, 0.1619047619047619, 0.2333333333333333, 0.20666666666666664, 0.06666666666666667, 0.21666666666666665, 0.35, 0.05, 0.09, 0.32857142857142857, 0.12222222222222223, 0.1619047619047619, 0.07857142857142857, 0.13333333333333333, 0.08333333333333333, 0.41666666666666663, 0.26666666666666666, 0.0, 0.4, 0.31666666666666665, 0.2333333333333333, 0.13333333333333333, 0.4833333333333333, 0.16666666666666666, 0.11666666666666665, 0.31666666666666665, 0.25, 0.15, 0.5333333333333333, 0.25666666666666665, 0.21666666666666665, 0.25, 0.3833333333333333, 0.26666666666666666, 0.1, 0.4666666666666666, 0.3, 0.10666666666666666, 0.13999999999999999, 0.13333333333333333, 0.1, 0.19, 0.64, 0.06666666666666667, 0.11666666666666665, 0.3, 0.29999999999999993, 0.3, 0.3833333333333333, 0.3, 0.13999999999999999, 0.1952380952380952, 0.21666666666666665, 0.16666666666666666, 0.16666666666666666, 0.33333333333333337, 0.25, 0.20666666666666664, 0.31666666666666665, 0.2833333333333333, 0.13333333333333333, 0.26666666666666666, 0.3833333333333333, 0.21666666666666665, 0.11666666666666665, 0.21666666666666665, 0.5166666666666667, 0.04, 0.26666666666666666, 0.31666666666666665, 0.36666666666666664, 0.29, 0.26666666666666666, 0.24, 0.05, 0.25666666666666665, 0.5, 0.45, 0.4, 0.6, 0.1, 0.08, 0.24, 0.13999999999999999, 0.02857142857142857, 0.5166666666666666, 0.16666666666666666, 0.41666666666666663, 0.3, 0.5, 0.20666666666666664, 0.3333333333333333, 0.4833333333333333, 0.2333333333333333, 0.16666666666666666, 0.21666666666666665, 0.26666666666666666, 0.33999999999999997, 0.26666666666666666, 0.19, 0.16666666666666666, 0.075, 0.25666666666666665, 0.29523809523809524, 0.1619047619047619, 0.37333333333333335, 0.18, 0.04, 0.55, 0.2833333333333333, 0.35, 0.09166666666666666, 0.2733333333333333, 0.35, 0.11666666666666665, 0.31666666666666665, 0.18, 0.11666666666666665, 0.4333333333333333, 0.4666666666666667, 0.09166666666666666, 0.125, 0.39, 0.3, 0.2, 0.4666666666666666, 0.11666666666666665, 0.06666666666666667, 0.2833333333333333, 0.4333333333333333, 0.15666666666666668, 0.17857142857142855, 0.25666666666666665, 0.18333333333333332, 0.0, 0.10666666666666666, 0.1619047619047619, 0.09, 0.36666666666666664, 0.11666666666666665, 0.09, 0.2333333333333333, 0.21666666666666665, 0.16666666666666666, 0.0, 0.26666666666666666, 0.2, 0.13333333333333333, 0.36666666666666664, 0.4666666666666667, 0.2, 0.13999999999999999, 0.39, 0.11666666666666665, 0.15, 0.21666666666666665, 0.1, 0.2333333333333333], "mean_stability": 0.9194381991936632, "all_stabilities": [0.91962692152514, 0.9196621227624753, 0.919225447013957, 0.9197162581979491, 0.9196982310660538, 0.9195515857391147, 0.9193181036102972, 0.9196569493793827, 0.9190069847743724, 0.9192302019729081, 0.9193852145839024, 0.919585969243153, 0.9194899032227498, 0.9194538126428696, 0.9195231770509207, 0.9194459590631305, 0.9196631646301243, 0.9194310965696616, 0.9195211087558203, 0.9192377155014284, 0.9193010633533948, 0.9195157339218545, 0.9194670880593134, 0.9195873311672843, 0.919443691429713, 0.9195372118339351, 0.9195791733238654, 0.9196345743109544, 0.9194037575297427, 0.919509999174195, 0.9193242838036536, 0.9196378880525045, 0.9193679201154316, 0.9195384780430185, 0.9195171216315913, 0.9195045324231359, 0.9194137578635049, 0.9196223197937983, 0.9195422585312976, 0.9194494220666076, 0.9196647145106903, 0.9197003473833002, 0.9194269909873516, 0.9197492429070847, 0.9195537497263893, 0.9195614352965436, 0.9194522901801327, 0.9196113161513132, 0.9192499288915188, 0.9194789120012953, 0.9198273953883961, 0.9196397329170292, 0.9195428217776692, 0.9196665264068346, 0.9196127235961754, 0.9194208140959234, 0.9195005419916207, 0.9193552672883805, 0.9193513137448429, 0.9197042517601923, 0.9195930795227255, 0.9194938451729128, 0.9192963389726183, 0.9196526149640443, 0.9196132488884341, 0.9192234669680491, 0.9191147962660946, 0.9195406274497963, 0.9191736023029499, 0.9194453233703517, 0.9194649510941151, 0.919577564643492, 0.9194809662637808, 0.9194653608005705, 0.9195146258367245, 0.9193839758753681, 0.9193994056382728, 0.9195748503558161, 0.9195346763310679, 0.9194353001022929, 0.9193624254043545, 0.9199106048077544, 0.9195815061000869, 0.9200692747791734, 0.91950848965531, 0.918912944073362, 0.9183839094796445, 0.9195922022603771, 0.9192712958782714, 0.9184511575310774, 0.9194540924812162, 0.9197500588739391, 0.9195530882268089, 0.919495994063453, 0.9196039347330155, 0.9195342223685122, 0.919664766501116, 0.9195595725479656, 0.9193760658398246, 0.9194209222979058, 0.9193424322142301, 0.9195943511401834, 0.919466532079732, 0.9194523530831257, 0.9194181298983031, 0.9194496718453996, 0.9194894535907243, 0.9193844783944967, 0.9195092030416188, 0.9195065739521538, 0.9195789876626128, 0.9193351887636233, 0.9195756373137313, 0.9194043687525808, 0.9194688352841567, 0.9195775195695006, 0.9194638071613201, 0.9194411610283778, 0.9195039495409858, 0.9193791178211729, 0.919505607144108, 0.9193606594021695, 0.9193932520244725, 0.9200806834527002, 0.919533517854233, 0.918860012934809, 0.9196292624511411, 0.9194109054978814, 0.9191584789708239, 0.9189986259881706, 0.9196784789277395, 0.9194872835488592, 0.91937791607844, 0.9195319007154659, 0.9194916675742293, 0.9191881848874035, 0.9194380720409085, 0.9194283189093817, 0.919390157502664, 0.9193109899653595, 0.9196649973440219, 0.9196877990105111, 0.9180825625355509, 0.9198627650598891, 0.9197754841121073, 0.9178598013895425, 0.9197758068999768, 0.9199145213714089, 0.9200212826624563, 0.9193532667993527, 0.919210737238424, 0.9192699192246112, 0.9189891448467812, 0.9202324643422694, 0.919538529604757, 0.9183044310603758, 0.9189626630354102, 0.9197078368633926, 0.9190500726806532, 0.9189600444141923, 0.9191468190305414, 0.9195945346549461, 0.9201941503178501, 0.9199973150229429, 0.9197942324936758, 0.9181145001956986, 0.9190087983154651, 0.9189392791863165, 0.918573895934465, 0.9189568873810469, 0.9195758509074379, 0.9194263488394515, 0.919465061650848, 0.9195680573487148, 0.9196836653115739, 0.9195023756255297, 0.9195612868421794, 0.9196004678451427, 0.919558712482664, 0.9194716740777897, 0.9194012158207754, 0.919473603193613, 0.919410969314519, 0.919398491021521, 0.9195887293905354, 0.9193591575994791, 0.9194986633344641, 0.9196064981176525, 0.9195633810924162, 0.9194931815658659, 0.9191885387254419, 0.9194308430185967, 0.9192418216563525, 0.9196915968751567, 0.9195181190995145, 0.9188789476014122, 0.9194498047806399, 0.9194244880578522, 0.9194345767958103, 0.919200440242518]}