{"layer": 24, "mean_f1": 0.21071309523809525, "all_f1s": [0.31666666666666665, 0.4833333333333333, 0.16666666666666666, 0.15666666666666665, 0.18, 0.13999999999999999, 0.05, 0.13333333333333333, 0.2333333333333333, 0.31666666666666665, 0.4166666666666667, 0.4066666666666666, 0.11666666666666665, 0.5, 0.15, 0.30666666666666664, 0.16666666666666666, 0.2, 0.2333333333333333, 0.31666666666666665, 0.45, 0.30666666666666664, 0.1, 0.06666666666666667, 0.06666666666666667, 0.11666666666666665, 0.16666666666666666, 0.2, 0.11666666666666665, 0.26666666666666666, 0.36666666666666664, 0.3, 0.06666666666666667, 0.16666666666666666, 0.33999999999999997, 0.2, 0.21666666666666665, 0.16666666666666666, 0.11666666666666665, 0.08333333333333333, 0.21666666666666665, 0.10666666666666666, 0.17333333333333334, 0.02857142857142857, 0.15666666666666665, 0.12857142857142856, 0.05, 0.24, 0.26666666666666666, 0.14999999999999997, 0.09523809523809523, 0.325, 0.1, 0.1619047619047619, 0.18333333333333332, 0.2, 0.5166666666666666, 0.36666666666666664, 0.3, 0.19166666666666665, 0.21666666666666665, 0.41666666666666663, 0.16666666666666666, 0.35, 0.31666666666666665, 0.16666666666666666, 0.05, 0.2, 0.35, 0.3333333333333333, 0.21666666666666665, 0.2, 0.20666666666666664, 0.1833333333333333, 0.15666666666666665, 0.2833333333333333, 0.15, 0.4666666666666666, 0.04, 0.18333333333333332, 0.4066666666666666, 0.13333333333333333, 0.0, 0.20666666666666664, 0.39, 0.11666666666666665, 0.2, 0.3, 0.31666666666666665, 0.11666666666666665, 0.26666666666666666, 0.325, 0.05, 0.16666666666666666, 0.11666666666666665, 0.3, 0.09, 0.3, 0.15, 0.06666666666666667, 0.4, 0.3333333333333333, 0.05, 0.31666666666666665, 0.17333333333333334, 0.2, 0.13333333333333333, 0.1, 0.6333333333333333, 0.09, 0.3333333333333333, 0.31666666666666665, 0.1, 0.21666666666666665, 0.09, 0.13333333333333333, 0.25, 0.15, 0.2833333333333333, 0.21666666666666665, 0.44000000000000006, 0.41666666666666663, 0.1, 0.08, 0.20666666666666664, 0.1, 0.02857142857142857, 0.35, 0.16666666666666666, 0.2733333333333333, 0.30666666666666664, 0.6333333333333333, 0.2333333333333333, 0.15, 0.36666666666666664, 0.2, 0.1, 0.2333333333333333, 0.1, 0.25, 0.26666666666666666, 0.15666666666666668, 0.22857142857142856, 0.19166666666666665, 0.15666666666666668, 0.17857142857142855, 0.09523809523809523, 0.36666666666666664, 0.18, 0.04, 0.31666666666666665, 0.2833333333333333, 0.04, 0.025, 0.2733333333333333, 0.2333333333333333, 0.13333333333333333, 0.3, 0.08, 0.4833333333333333, 0.17333333333333334, 0.39999999999999997, 0.325, 0.125, 0.2733333333333333, 0.13333333333333333, 0.0, 0.2, 0.11666666666666665, 0.17333333333333334, 0.12857142857142856, 0.20666666666666664, 0.08333333333333333, 0.2952380952380952, 0.13999999999999999, 0.1733333333333333, 0.0, 0.03333333333333333, 0.26666666666666666, 0.02857142857142857, 0.36666666666666664, 0.26666666666666666, 0.33999999999999997, 0.11666666666666665, 0.09, 0.18, 0.09, 0.2, 0.14666666666666667, 0.2333333333333333, 0.2, 0.4833333333333333, 0.16666666666666666, 0.10666666666666666, 0.25666666666666665, 0.15, 0.16666666666666666, 0.17333333333333334, 0.16666666666666666, 0.18333333333333332], "mean_stability": 0.9112582177540289, "all_stabilities": [0.9115165817494516, 0.9114000925383248, 0.9111985881641065, 0.9114734492892076, 0.9115347845126074, 0.9114365015743745, 0.9110293233360125, 0.9114673094687811, 0.9110215745016106, 0.911092955931878, 0.9112647753886985, 0.9113290344639668, 0.9111334701207623, 0.9113309437801347, 0.9113559743226844, 0.9111081112175177, 0.9113147093082258, 0.9114677580077135, 0.9115325306577224, 0.9110367873145456, 0.9111108479301263, 0.9114534734990896, 0.9113220099180305, 0.9115223734787016, 0.9111884080204751, 0.9113483185660576, 0.9115122655639869, 0.9115367963463645, 0.911051748978623, 0.9111036225066131, 0.9112883001596443, 0.9114300541663134, 0.9112098887711537, 0.9113966356311785, 0.9114972006553304, 0.9112023632957831, 0.9110579728281323, 0.9115157408894732, 0.9113647612094873, 0.9111673432241145, 0.9117028456200191, 0.9115278836347473, 0.9111813965784658, 0.91153900210508, 0.9113167532832243, 0.9112763852360024, 0.9112651745903522, 0.9114135057495778, 0.9111210662397345, 0.9112973293554306, 0.9116174994184227, 0.911510389969048, 0.911351391580091, 0.9116313896061647, 0.9115732137006889, 0.9109515113131014, 0.9111207536913659, 0.9111914318973129, 0.9112576049504579, 0.9114556380725937, 0.9111784764270621, 0.911140079206499, 0.9113235595430457, 0.911370234326052, 0.911307546915193, 0.911562677415439, 0.9108837559297409, 0.9111634362979396, 0.9110816067166478, 0.911162415805031, 0.9113700275739403, 0.9112730612597726, 0.9112228067852397, 0.9112206835566996, 0.911386913909082, 0.9111834909835995, 0.9112213039015579, 0.9112970906736079, 0.9111284628587641, 0.911420761237083, 0.9110148578738627, 0.911488352270894, 0.9115012942263633, 0.9117502242916036, 0.9113753241045028, 0.9108120159550699, 0.9104106459717161, 0.9112717344359469, 0.9112523380129035, 0.9106607669234892, 0.9113184342042976, 0.9115774302112447, 0.9113363376877361, 0.9113472864732823, 0.9115422199383596, 0.911248698171514, 0.9113900293226992, 0.9113467700599316, 0.9112840020730164, 0.9111777168376722, 0.9112858630606349, 0.9113624634260169, 0.9114188665116332, 0.9112321166808611, 0.9110872064582495, 0.9111470315397794, 0.9112419457250219, 0.9111932927594555, 0.9114533696092272, 0.9111811923138419, 0.9113345415183911, 0.9110556312963428, 0.9112401552277236, 0.9110897515718801, 0.911395494046887, 0.9115255560999026, 0.9113478089562653, 0.9111831829424256, 0.9112489312542442, 0.9110480662950806, 0.911326119197675, 0.91130150941986, 0.9110885365013888, 0.9118904302915259, 0.9111307192591751, 0.9108535257780457, 0.911495274395457, 0.9110819326836552, 0.911058920001951, 0.9107918191977724, 0.9115048902999998, 0.911299176365735, 0.911236857976316, 0.9113736952428086, 0.9112150415964081, 0.9111291795310287, 0.9111031913067, 0.9113836733247004, 0.9112400520064634, 0.9111627323737487, 0.9115200996253202, 0.9113351866769868, 0.9099095263760779, 0.9114051520037956, 0.9116417044119715, 0.9103541278334275, 0.9117260647250452, 0.9115502420841686, 0.9117379789051026, 0.9111327863601467, 0.9110743632894645, 0.9111818066988036, 0.9108490792069357, 0.9118451401951146, 0.9112439252406466, 0.9103289864744804, 0.9107545280550008, 0.9114220810626878, 0.9110173642890924, 0.9107376264879736, 0.9112346731071765, 0.9113218940874994, 0.9118583550816541, 0.9116505837164262, 0.9116716289594062, 0.9101319784154128, 0.9107927572077065, 0.9107742954187806, 0.9105865350487383, 0.9108351238538462, 0.911512486511859, 0.9112426680391004, 0.9114835664792539, 0.9114678863404062, 0.9114815564860507, 0.911466724623655, 0.9113623151150625, 0.9113688949681855, 0.9113580834688776, 0.9109639592049085, 0.9113403085296419, 0.9111697816702865, 0.9112492718545404, 0.9114409023211618, 0.9114778413802214, 0.9114188190588436, 0.9112728946383243, 0.9110796000090999, 0.9112879390592278, 0.9111861641978093, 0.9110164701783183, 0.911444054450411, 0.9114411948319034, 0.9115098947741116, 0.911300103645009, 0.9105768112794683, 0.9113500849786256, 0.9112598543032628, 0.9110518032417853, 0.9110638579762151]}