{"layer": 16, "mean_f1": 0.23855357142857145, "all_f1s": [0.3, 0.24, 0.025, 0.15, 0.19, 0.13333333333333333, 0.03333333333333333, 0.2833333333333333, 0.20666666666666664, 0.11666666666666665, 0.4066666666666666, 0.41666666666666663, 0.2333333333333333, 0.54, 0.31666666666666665, 0.2833333333333333, 0.2, 0.2, 0.05, 0.21666666666666665, 0.4333333333333333, 0.2833333333333333, 0.16666666666666666, 0.16666666666666666, 0.2333333333333333, 0.16666666666666666, 0.15, 0.31666666666666665, 0.05, 0.26666666666666666, 0.29999999999999993, 0.21666666666666665, 0.2, 0.06666666666666667, 0.21666666666666665, 0.26666666666666666, 0.1, 0.19999999999999998, 0.24, 0.10666666666666666, 0.15666666666666665, 0.35, 0.29, 0.18333333333333332, 0.25666666666666665, 0.2333333333333333, 0.1, 0.3333333333333333, 0.35, 0.1, 0.25666666666666665, 0.44000000000000006, 0.13999999999999999, 0.16666666666666666, 0.09, 0.13333333333333333, 0.1, 0.4066666666666666, 0.24, 0.06666666666666667, 0.4, 0.21666666666666665, 0.21666666666666665, 0.2333333333333333, 0.35, 0.16666666666666666, 0.11666666666666665, 0.31666666666666665, 0.25, 0.35, 0.6333333333333333, 0.25666666666666665, 0.35, 0.25, 0.4, 0.26666666666666666, 0.16666666666666666, 0.3333333333333333, 0.31666666666666665, 0.2833333333333333, 0.13999999999999999, 0.13333333333333333, 0.1, 0.19, 0.64, 0.06666666666666667, 0.15, 0.3, 0.3333333333333333, 0.30666666666666664, 0.3833333333333333, 0.2733333333333333, 0.2333333333333333, 0.16666666666666666, 0.11666666666666665, 0.16666666666666666, 0.13333333333333333, 0.33333333333333337, 0.25, 0.21666666666666665, 0.39999999999999997, 0.31666666666666665, 0.13333333333333333, 0.2833333333333333, 0.39999999999999997, 0.21666666666666665, 0.11666666666666665, 0.16666666666666666, 0.35, 0.13333333333333333, 0.3333333333333333, 0.31666666666666665, 0.36666666666666664, 0.29, 0.3833333333333333, 0.20666666666666664, 0.05, 0.20666666666666664, 0.41666666666666663, 0.3333333333333333, 0.36666666666666664, 0.5166666666666666, 0.2, 0.08, 0.30666666666666664, 0.06666666666666667, 0.13999999999999999, 0.6166666666666667, 0.16666666666666666, 0.4066666666666666, 0.31666666666666665, 0.6, 0.15, 0.3333333333333333, 0.4833333333333333, 0.24, 0.06666666666666667, 0.25, 0.2333333333333333, 0.36666666666666664, 0.36666666666666664, 0.19, 0.3, 0.075, 0.09, 0.2952380952380952, 0.09523809523809523, 0.3733333333333333, 0.18, 0.04, 0.55, 0.2833333333333333, 0.35, 0.09166666666666666, 0.2733333333333333, 0.21666666666666665, 0.06666666666666667, 0.3833333333333333, 0.18, 0.11666666666666665, 0.2733333333333333, 0.35, 0.025, 0.125, 0.5066666666666667, 0.11666666666666665, 0.0, 0.3, 0.15666666666666668, 0.13333333333333333, 0.2833333333333333, 0.30666666666666664, 0.15666666666666668, 0.2952380952380952, 0.25, 0.18333333333333332, 0.0, 0.11666666666666665, 0.26666666666666666, 0.09, 0.3733333333333333, 0.11666666666666665, 0.2, 0.11666666666666665, 0.26666666666666666, 0.16666666666666666, 0.0, 0.18333333333333332, 0.2, 0.29, 0.4, 0.4666666666666666, 0.2, 0.13999999999999999, 0.5066666666666666, 0.11666666666666665, 0.15, 0.21666666666666665, 0.0, 0.2333333333333333], "mean_stability": 0.923801296504611, "all_stabilities": [0.9239872466843654, 0.923982873351588, 0.9236937701500969, 0.9240753687701485, 0.9240220998898462, 0.9239458095838586, 0.9236396670065137, 0.9240097237745539, 0.9233492904921716, 0.9235200560320276, 0.9237585510965601, 0.9239313853203269, 0.9238697619854189, 0.9237977730064788, 0.9238909342822195, 0.9237788107546712, 0.9239604654433912, 0.9238041196549849, 0.923877318998944, 0.9235817972114431, 0.9236427958058628, 0.9238223750425041, 0.9238500055396128, 0.9239685521816569, 0.9237829341084757, 0.9238845804016466, 0.9239413491504749, 0.9239718286952264, 0.9237661067900689, 0.9238473647057838, 0.923754212244407, 0.9239760549264883, 0.9237311502951725, 0.9238786209558973, 0.9239385685458293, 0.9238468885877149, 0.9237626407124211, 0.9239644804139271, 0.9238646934726477, 0.9238179648951114, 0.9240181106640583, 0.9240399397819091, 0.9237721484743817, 0.9240954956331496, 0.9239050794594104, 0.9238945749257883, 0.9238349217095442, 0.9239544927471574, 0.9236277808248046, 0.9238053143322684, 0.9241426547521125, 0.9239885232748101, 0.9239304810107892, 0.9240044714193131, 0.9239610510023859, 0.923808711192847, 0.9238643118726589, 0.9236509837253435, 0.9237459420450126, 0.9240408070025186, 0.9239201550074572, 0.9238401421534815, 0.9237019214731891, 0.9239525483370128, 0.9239458576279416, 0.9237044579092981, 0.9235359446276995, 0.9239039638654241, 0.9235868453650389, 0.9237755242023973, 0.9238099713201129, 0.9239507628006942, 0.9238289077507232, 0.9238270071478839, 0.9238352220208184, 0.9237653965120922, 0.9237927578933045, 0.923914074839527, 0.9238914853550506, 0.9238025128898748, 0.9237687679295851, 0.9242245368987865, 0.9240267966888416, 0.9243682293009915, 0.9238759115679887, 0.9233961704494922, 0.9227580043019243, 0.9239637366601453, 0.9236007583553691, 0.9229313925096108, 0.9238469376118518, 0.9241039806171685, 0.92391827125118, 0.9238883046907895, 0.9239762990149574, 0.9238383246519423, 0.9240162699403418, 0.9239099415316222, 0.923732668163599, 0.9237062956063852, 0.9236976668073691, 0.9239216832429855, 0.9238535106083006, 0.9238034482789097, 0.9237474738399793, 0.923860502275587, 0.9238566663223544, 0.923756666833406, 0.9238599109047234, 0.9238646867636717, 0.9238874530929424, 0.9237068497344509, 0.9239159863615773, 0.9237871107419187, 0.9238526788853475, 0.9239750269566007, 0.9238387406999354, 0.9238141466194181, 0.9238818311535845, 0.923760865235787, 0.923867208082547, 0.9237738608476398, 0.9237645155197385, 0.9243989832431904, 0.9237874246244223, 0.9233581378111939, 0.9239758559059513, 0.9237088415845477, 0.9234461389605807, 0.9234084402987189, 0.9240109264901226, 0.9238691788619405, 0.9237129497439561, 0.923872771984217, 0.9238291742427454, 0.9236255159139425, 0.9237941959680844, 0.9238224796804524, 0.9237812266868083, 0.9236454142327778, 0.9239933308647504, 0.9240627548287377, 0.9225688959194531, 0.9242037408657824, 0.9241393156853451, 0.9222676813656847, 0.9240927173797882, 0.9242425789348557, 0.9243166039152697, 0.9237304026554435, 0.9235649417191872, 0.9236859894864189, 0.9233504016329356, 0.9244536792849894, 0.9238440896752564, 0.9228754558968439, 0.9233374258727187, 0.9240397676127079, 0.923463079103759, 0.9234165696169058, 0.9234910410461262, 0.924012318051884, 0.9244907005035282, 0.9242885721507872, 0.9240593420570409, 0.9224168825972596, 0.9234410777647067, 0.9232831425854062, 0.9230856093895902, 0.9234083139010101, 0.9239400795975221, 0.9238151083960437, 0.9238669255215063, 0.9238853527184169, 0.9240227440144329, 0.9238596052516808, 0.9239090545288556, 0.9239509152921821, 0.9239276124477287, 0.9238579111360435, 0.9237359305764861, 0.9238321141496796, 0.9237994877887626, 0.9237754026055096, 0.9239746501217864, 0.923782623657219, 0.9238458448978231, 0.9239485499950202, 0.9239462780357947, 0.9238701211887854, 0.9236092507004583, 0.9237847443039648, 0.9236703486426242, 0.9240391012181945, 0.92382408983397, 0.9233410391168994, 0.9239132095201658, 0.923788422923313, 0.9237395241335428, 0.923567846548784]}