{"layer": 15, "mean_f1": 0.2468488095238095, "all_f1s": [0.3, 0.37333333333333335, 0.025, 0.15, 0.29, 0.13333333333333333, 0.04, 0.31666666666666665, 0.25, 0.11666666666666665, 0.3, 0.41666666666666663, 0.2333333333333333, 0.54, 0.31666666666666665, 0.25, 0.24, 0.2, 0.11666666666666665, 0.21666666666666665, 0.4333333333333333, 0.2733333333333333, 0.16666666666666666, 0.16666666666666666, 0.2333333333333333, 0.16666666666666666, 0.16666666666666666, 0.31666666666666665, 0.21666666666666665, 0.26666666666666666, 0.2333333333333333, 0.21666666666666665, 0.1833333333333333, 0.06666666666666667, 0.21666666666666665, 0.26666666666666666, 0.1, 0.19999999999999998, 0.13333333333333333, 0.10666666666666666, 0.1952380952380952, 0.3733333333333333, 0.29, 0.16666666666666666, 0.25666666666666665, 0.16666666666666666, 0.1, 0.3333333333333333, 0.35, 0.11666666666666665, 0.25, 0.54, 0.26666666666666666, 0.24, 0.16666666666666666, 0.21666666666666665, 0.16666666666666666, 0.36666666666666664, 0.25, 0.1, 0.4, 0.31666666666666665, 0.11666666666666665, 0.13333333333333333, 0.35, 0.2, 0.11666666666666665, 0.31666666666666665, 0.25, 0.35, 0.5333333333333333, 0.25, 0.15, 0.25, 0.3833333333333333, 0.26666666666666666, 0.2, 0.4666666666666666, 0.5333333333333333, 0.2833333333333333, 0.13999999999999999, 0.13333333333333333, 0.1, 0.15666666666666668, 0.64, 0.06666666666666667, 0.15, 0.3, 0.4333333333333333, 0.3, 0.4066666666666666, 0.3, 0.25, 0.1952380952380952, 0.21666666666666665, 0.16666666666666666, 0.16666666666666666, 0.22857142857142856, 0.25, 0.20666666666666664, 0.31666666666666665, 0.2833333333333333, 0.06666666666666667, 0.2833333333333333, 0.3833333333333333, 0.21666666666666665, 0.10666666666666666, 0.16666666666666666, 0.5166666666666667, 0.13333333333333333, 0.3, 0.31666666666666665, 0.36666666666666664, 0.29, 0.3833333333333333, 0.20666666666666664, 0.05, 0.20666666666666664, 0.5, 0.31666666666666665, 0.4066666666666666, 0.6, 0.1, 0.08, 0.33999999999999997, 0.10666666666666666, 0.2333333333333333, 0.5166666666666666, 0.16666666666666666, 0.41666666666666663, 0.4066666666666666, 0.6, 0.20666666666666664, 0.3333333333333333, 0.4833333333333333, 0.20666666666666664, 0.16666666666666666, 0.1, 0.2333333333333333, 0.39, 0.36666666666666664, 0.19, 0.3, 0.075, 0.15666666666666668, 0.2952380952380952, 0.09523809523809523, 0.3733333333333333, 0.18, 0.04, 0.55, 0.2833333333333333, 0.35, 0.09166666666666666, 0.2733333333333333, 0.35, 0.16666666666666666, 0.3833333333333333, 0.18, 0.11666666666666665, 0.2733333333333333, 0.3333333333333333, 0.09166666666666666, 0.125, 0.5066666666666667, 0.25, 0.16666666666666666, 0.3, 0.15666666666666668, 0.13333333333333333, 0.2833333333333333, 0.4333333333333333, 0.15666666666666668, 0.17857142857142855, 0.25666666666666665, 0.18333333333333332, 0.0, 0.10666666666666666, 0.26666666666666666, 0.09, 0.36666666666666664, 0.11666666666666665, 0.09, 0.11666666666666665, 0.2333333333333333, 0.16666666666666666, 0.0, 0.2, 0.2, 0.29, 0.39, 0.6, 0.06666666666666667, 0.13999999999999999, 0.5066666666666666, 0.11666666666666665, 0.16666666666666666, 0.21666666666666665, 0.1, 0.13333333333333333], "mean_stability": 0.9216502671166347, "all_stabilities": [0.9218536154460193, 0.9218310694348505, 0.921485641083508, 0.9219310969302912, 0.9218999638502925, 0.9217669025690503, 0.9215105952894094, 0.9218595784766226, 0.9211968248238975, 0.9214386461483958, 0.9215961501350968, 0.9217929204128408, 0.9217143647866989, 0.921654052364173, 0.9217417773188469, 0.9216473761408389, 0.9218497876833878, 0.9216436332893367, 0.921719927134405, 0.921441098449816, 0.9215006968370496, 0.9217020371386153, 0.9216927545996312, 0.9218159915202472, 0.921630868269124, 0.92174379720106, 0.9217920088457128, 0.9218490067002513, 0.9216268329625148, 0.9216865700465734, 0.9215934184230994, 0.9218312391365181, 0.9215724581781546, 0.9217458306607835, 0.9217689525498729, 0.921697186098976, 0.921645391878406, 0.9218305702692176, 0.9217160053102766, 0.9216430859856335, 0.9218791654159446, 0.9219071383798413, 0.921633641000829, 0.9219380825883169, 0.921758440501098, 0.9217367454051985, 0.9216644334735639, 0.9218170303205678, 0.9214850061732806, 0.9216758780815916, 0.9220035097843986, 0.9218542363385056, 0.921749115902417, 0.921864879070912, 0.9218232409295133, 0.9216613784981668, 0.9217239384385391, 0.9215435664417452, 0.9215825520589433, 0.9218905231672394, 0.9217840783171851, 0.9217015207706248, 0.9215365577354353, 0.9218242050168559, 0.9218062272217752, 0.9214987307274252, 0.9213541702935952, 0.92175870877038, 0.9213837646926635, 0.9216546827338096, 0.9216785814189394, 0.921829404300756, 0.9216704079951601, 0.9216833626139298, 0.9217012510110573, 0.921591008273866, 0.9216171115835406, 0.9217716857894123, 0.9217364924072509, 0.9216527131196308, 0.9215644310097775, 0.9220717131644239, 0.921850774206448, 0.9222270161795324, 0.9217155278032744, 0.9211697027291343, 0.9206335950373455, 0.9218347778263467, 0.9214743955757279, 0.9207164895824516, 0.921688227840533, 0.9219506578288403, 0.921768709949721, 0.9217383851215549, 0.9218059374073787, 0.9217389425339062, 0.9218639013262434, 0.9217779842449835, 0.9215687219608106, 0.9215995388623668, 0.9215455944255112, 0.9217684945594555, 0.9216998252562607, 0.9216595662005764, 0.9215833543863701, 0.9217075996669537, 0.9216966953605116, 0.921627523038987, 0.9216976037127449, 0.9217435447196467, 0.9217568156960356, 0.9215579975932353, 0.9217777057152843, 0.9216272084947661, 0.9216947762273933, 0.9218072759464558, 0.9216728087200078, 0.9216673078294528, 0.9217331124657606, 0.921612518663032, 0.9216982487128306, 0.9215935264279984, 0.9216163462926058, 0.9222980815585972, 0.9216358182894524, 0.9211579970615411, 0.9218773918779254, 0.9215853130391347, 0.9213414355349452, 0.9212098909361552, 0.9218818813996823, 0.9216909869574282, 0.9215581673165429, 0.9217292316273623, 0.9216705441742811, 0.9214880100836395, 0.9216565359956478, 0.9216638351310422, 0.9216376792532712, 0.9215070156782129, 0.9218596905163619, 0.9219501099239196, 0.9203190519047146, 0.9220969180091583, 0.9220162822950824, 0.9199889491753662, 0.9219627261044755, 0.9221145733164071, 0.9221779694026762, 0.9215864828797334, 0.9213909080589282, 0.9215209161497407, 0.9211719840294663, 0.922371711960181, 0.9216815896373683, 0.9206416035776306, 0.9211499514110797, 0.921914505689872, 0.921303831477619, 0.9212076593093481, 0.9213566073836166, 0.9218631933980894, 0.9223755167361108, 0.9221656479934552, 0.9219454205150382, 0.920216657398848, 0.9212490962515956, 0.9211314875394325, 0.9209030130428761, 0.9212123058881547, 0.9217815648197867, 0.9216647179688474, 0.9216871150392553, 0.9217644670831096, 0.9218890170774501, 0.9217038329072944, 0.9217578543789632, 0.9218189611684974, 0.9217808276691187, 0.9217095169013019, 0.9216192254922454, 0.9216874771973016, 0.9216252737692561, 0.9216052811449694, 0.9218275528509154, 0.9216241562489758, 0.9217060652562242, 0.9218033065313266, 0.9217871564911857, 0.9217126267955926, 0.9214325921453337, 0.9216216349089704, 0.9215114334533079, 0.921901853745179, 0.9216989282577283, 0.9211457693519594, 0.921720836871183, 0.9216180149064452, 0.921597889753286, 0.9214205248046452]}