{"layer": 0, "mean_f1": 0.22622301587301588, "all_f1s": [0.44000000000000006, 0.37333333333333335, 0.03333333333333333, 0.18333333333333332, 0.29, 0.2333333333333333, 0.0, 0.2833333333333333, 0.31666666666666665, 0.06666666666666667, 0.31666666666666665, 0.21666666666666665, 0.2333333333333333, 0.42857142857142855, 0.19999999999999998, 0.1833333333333333, 0.06666666666666667, 0.2, 0.19, 0.10666666666666666, 0.36666666666666664, 0.3733333333333333, 0.2833333333333333, 0.13333333333333333, 0.2833333333333333, 0.2333333333333333, 0.15, 0.21666666666666665, 0.2833333333333333, 0.0, 0.3, 0.4, 0.13333333333333333, 0.18333333333333332, 0.12857142857142856, 0.19999999999999998, 0.05, 0.22857142857142856, 0.03333333333333333, 0.08333333333333333, 0.10666666666666666, 0.19999999999999998, 0.17333333333333334, 0.2952380952380952, 0.25666666666666665, 0.2333333333333333, 0.11666666666666665, 0.25, 0.26666666666666666, 0.0, 0.1, 0.3333333333333333, 0.125, 0.1619047619047619, 0.08333333333333333, 0.1, 0.16666666666666666, 0.3733333333333333, 0.29, 0.02222222222222222, 0.55, 0.3833333333333333, 0.31666666666666665, 0.13333333333333333, 0.35, 0.26666666666666666, 0.15, 0.15666666666666668, 0.13333333333333333, 0.16666666666666666, 0.5333333333333333, 0.5066666666666666, 0.3, 0.05, 0.21666666666666665, 0.2733333333333333, 0.0, 0.3333333333333333, 0.21666666666666665, 0.10666666666666666, 0.15666666666666668, 0.10666666666666666, 0.1, 0.30666666666666664, 0.64, 0.11666666666666665, 0.25, 0.36666666666666664, 0.3333333333333333, 0.19999999999999998, 0.3, 0.22857142857142856, 0.16666666666666666, 0.12857142857142856, 0.2, 0.19999999999999998, 0.06666666666666667, 0.25, 0.35, 0.16666666666666666, 0.4333333333333333, 0.25, 0.2333333333333333, 0.11666666666666665, 0.3333333333333333, 0.31666666666666665, 0.06666666666666667, 0.1, 0.5333333333333333, 0.03333333333333333, 0.4333333333333333, 0.31666666666666665, 0.26666666666666666, 0.18333333333333332, 0.2833333333333333, 0.23333333333333334, 0.15, 0.13999999999999999, 0.4, 0.31666666666666665, 0.45, 0.5, 0.1, 0.18, 0.30666666666666664, 0.10666666666666666, 0.2333333333333333, 0.4166666666666667, 0.21666666666666665, 0.2833333333333333, 0.3833333333333333, 0.6, 0.21666666666666665, 0.2333333333333333, 0.26666666666666666, 0.20666666666666664, 0.15, 0.24, 0.2333333333333333, 0.31666666666666665, 0.4, 0.19, 0.24, 0.075, 0.15666666666666668, 0.18333333333333332, 0.09523809523809523, 0.26666666666666666, 0.18, 0.04, 0.5166666666666666, 0.26666666666666666, 0.3333333333333333, 0.09166666666666666, 0.2733333333333333, 0.35, 0.13333333333333333, 0.24999999999999994, 0.18, 0.11666666666666665, 0.3333333333333333, 0.4833333333333333, 0.09166666666666666, 0.12857142857142856, 0.4066666666666666, 0.2, 0.16666666666666666, 0.15, 0.16666666666666666, 0.06666666666666667, 0.2833333333333333, 0.4066666666666666, 0.16666666666666666, 0.17857142857142855, 0.36666666666666664, 0.29, 0.06666666666666667, 0.1, 0.16666666666666666, 0.24, 0.4833333333333333, 0.1, 0.2, 0.11666666666666665, 0.20666666666666664, 0.15, 0.0, 0.1833333333333333, 0.24, 0.06666666666666667, 0.23333333333333334, 0.6, 0.2, 0.13999999999999999, 0.25666666666666665, 0.11666666666666665, 0.2, 0.15, 0.06666666666666667, 0.1], "mean_stability": 0.8542762436297585, "all_stabilities": [0.8547320954774269, 0.8544779652521702, 0.8543565934187575, 0.854577004104814, 0.8543856156104516, 0.8546382339491323, 0.8539704681317604, 0.8543950659843993, 0.8536098033594405, 0.8541361577691807, 0.8538984653703873, 0.8544635953778025, 0.8542703613206593, 0.8542126471513234, 0.8544547960546337, 0.8540868950663958, 0.8546566398209269, 0.85439866755849, 0.8547136451657045, 0.8540572067316688, 0.8539015498035756, 0.8544178004551821, 0.8542850046124375, 0.854600321638413, 0.8542670854888172, 0.8544856129777564, 0.854367929124048, 0.8543510801654681, 0.8541439390550535, 0.8543717380933282, 0.8539984833336784, 0.8543982887461565, 0.8539920668780224, 0.8544169548593292, 0.8544138665743253, 0.8545010040431145, 0.8543428059308844, 0.8547378166415758, 0.8542129429021085, 0.8541530049297243, 0.854668950232481, 0.8548471405174011, 0.8544111519096681, 0.8547779883230497, 0.8543075163702072, 0.8544595735586265, 0.8541722843584967, 0.8543472011896105, 0.8536582270315902, 0.8545045332174326, 0.8547559547495028, 0.8545933255086273, 0.854598247750679, 0.8546726472589385, 0.8545371947961563, 0.8544745186463336, 0.8543211388563915, 0.8540162312961401, 0.8540125685148066, 0.8544683842266231, 0.8543507102711931, 0.8541972296262104, 0.8537976665388809, 0.8545043077810377, 0.8546913570934553, 0.8540936489733149, 0.853890824056497, 0.8543166913897504, 0.8540887341708826, 0.8541910276430341, 0.8540855012959977, 0.8545236259167417, 0.854242115402666, 0.8539179978909408, 0.8543392263362639, 0.8543177449895868, 0.8542467571752322, 0.8545491440675594, 0.8542538010673473, 0.8544364300590861, 0.8543216592033058, 0.8549911716901273, 0.8547027751866854, 0.8552636541507829, 0.8541219295528701, 0.8537511355615723, 0.85288896284512, 0.8542987769400501, 0.8540580855984053, 0.8532035671882661, 0.854324280837622, 0.8546544828601095, 0.8545569904927263, 0.8542239194507293, 0.8544041226914125, 0.8542696614053533, 0.8547896802978275, 0.8547084813669492, 0.854090160386258, 0.85425984871484, 0.853900078035134, 0.8544496853396234, 0.8543772384883861, 0.853893092737325, 0.8542950209625102, 0.8543853944072962, 0.8543016707911493, 0.8543670962802936, 0.8542771411355593, 0.8543226026713956, 0.8543678625251291, 0.8543576016262293, 0.8542825418653598, 0.8540997767289618, 0.8543241220799478, 0.8547571622951573, 0.8542629529268784, 0.8541804838751341, 0.8545481092499696, 0.8539617389766534, 0.8544753530672843, 0.8541517407498371, 0.854440876162775, 0.8554388674313886, 0.8539918000656858, 0.853600897400662, 0.854514551208964, 0.8539790498934312, 0.8536223677120001, 0.8538239316859402, 0.8543070174923679, 0.8542855229205288, 0.8539924982655387, 0.8542613321831244, 0.8540903222946261, 0.8535634518816467, 0.8545613803933788, 0.8543811508841225, 0.8541784100092629, 0.8541133995140828, 0.8543720920252179, 0.8547466978611629, 0.8529637348647816, 0.8545005753312729, 0.8542472750973917, 0.8535520409920455, 0.8547866471987107, 0.8548428787545512, 0.8551482138403846, 0.8541725145649479, 0.8539919022205819, 0.8541022986413964, 0.854304365196846, 0.855513311748971, 0.8542605465704629, 0.8530231779955247, 0.853894511174983, 0.8546305554531953, 0.8537146838717758, 0.8536230630880699, 0.8538771493355176, 0.8538507697333246, 0.8554372336473952, 0.8548860421814606, 0.8545216710696557, 0.853756114635772, 0.8540798922905944, 0.8531380584208353, 0.853049237284172, 0.8535842379800472, 0.8543110928273124, 0.8541529648277741, 0.8542801608918513, 0.8544632451382064, 0.8546712196846847, 0.854508058863798, 0.8544847589851766, 0.8544877269999821, 0.8545632757044876, 0.8544005157737675, 0.8539301601238207, 0.8541744526223443, 0.8539447755006124, 0.8539499631536425, 0.8547000232154508, 0.8541598930421566, 0.8544799006433241, 0.8547856177856277, 0.8544577216754508, 0.8542548414423254, 0.85399074015472, 0.8543978261387666, 0.8541077230770888, 0.8547878034666043, 0.85417873958488, 0.8533906067244234, 0.8546150636702334, 0.8543724918429341, 0.8540034128293692, 0.8538132768670978]}