{"layer": 24, "mean_f1": 0.18517539081565942, "all_f1s": [0.22745965608465607, 0.2376834821424792, 0.1277007619540355, 0.21073720857784184, 0.23365303860437336, 0.1424650062581097, 0.12457448366770622, 0.222815802388516, 0.21775002846168806, 0.10691444001718817]}