{"layer": 13, "mean_f1": 0.20525174189134496, "all_f1s": [0.2555305219156193, 0.2647492859070667, 0.16786755893934355, 0.22934120795593654, 0.24797798532202062, 0.12257076781073635, 0.07118348948774914, 0.3024694044261005, 0.24758965454963217, 0.14323754259924473]}