{"layer": 10, "mean_f1": 0.2020344831584732, "all_f1s": [0.21448366013071896, 0.29293656028599224, 0.19387431740372912, 0.22996379574689213, 0.2417810990920044, 0.10104720067072334, 0.06351824855535948, 0.29265914774562535, 0.2393283135107384, 0.15075248844294825]}