{"layer": 12, "mean_f1": 0.20506210919667564, "all_f1s": [0.2436709149849728, 0.27199478486018724, 0.18148769499033196, 0.22302298934652262, 0.25408212491343296, 0.11164939688612571, 0.06598139457059486, 0.30511525380585036, 0.2501370863804877, 0.14347945122825015]}