{"layer": 16, "mean_f1": 0.20960217769329587, "all_f1s": [0.2554285700930829, 0.2549578125717059, 0.17876801629742806, 0.21887850537229073, 0.2790403142609025, 0.14149118878701455, 0.0746428379261309, 0.3029971437140231, 0.2506622458434957, 0.1391551420668846]}