{"layer": 0, "mean_f1": 0.20324452100950569, "all_f1s": [0.21223441986290284, 0.32665718339631383, 0.1256859740661143, 0.20831889799083272, 0.25981322705901344, 0.14407054193862984, 0.0770953943575646, 0.2786591887413784, 0.25531505816411476, 0.14459532451819204]}