{"layer": 14, "mean_f1": 0.20303576059162687, "all_f1s": [0.23635897435897438, 0.2609117183358281, 0.1757860018960588, 0.22410843380760262, 0.2462331932773109, 0.10981232029619126, 0.06835219205888995, 0.2962951874081442, 0.25610845213802996, 0.15639113233923818]}