{"layer": 15, "mean_f1": 0.2146386827105387, "all_f1s": [0.25219933277179984, 0.28423150950401255, 0.18022091685352049, 0.22317516374922336, 0.27179912054912053, 0.12607319605343487, 0.1016839152303661, 0.29757596489957544, 0.25826852968426384, 0.15115917781007004]}