{"layer": 11, "mean_f1": 0.20589140656070798, "all_f1s": [0.2381931752458068, 0.29673525056503786, 0.1781719760403994, 0.21124780555815043, 0.2745939234656273, 0.09906528261460293, 0.06951557423300035, 0.2916511501326554, 0.2522250927781704, 0.14751483497362922]}