{"0": 0.08036030604313968, "10": 0.08480358660228575, "11": 0.0689972661741264, "12": 0.07708099304647349, "13": 0.06738311164058498, "14": 0.06828121612524136, "15": 0.0790893101332006, "16": 0.06856638755274358, "24": 0.08642052668343637}