{
  "fold_details": [
    {
      "fold": 0,
      "held_out_paraphrase": 0,
      "best_layer": 1,
      "best_f1": 0.28654970760233917
    },
    {
      "fold": 1,
      "held_out_paraphrase": 1,
      "best_layer": 9,
      "best_f1": 0.48677248677248675
    },
    {
      "fold": 2,
      "held_out_paraphrase": 2,
      "best_layer": 14,
      "best_f1": 0.4583333333333333
    }
  ],
  "layer_metrics_raw": {
    "0": {
      "acc": [
        0.3333333333333333,
        0.4666666666666667,
        0.4666666666666667
      ],
      "f1": [
        0.25925925925925924,
        0.41269841269841273,
        0.40740740740740744
      ]
    },
    "1": {
      "acc": [
        0.4,
        0.4,
        0.3333333333333333
      ],
      "f1": [
        0.28654970760233917,
        0.3444444444444444,
        0.2888888888888889
      ]
    },
    "2": {
      "acc": [
        0.4,
        0.3333333333333333,
        0.3333333333333333
      ],
      "f1": [
        0.28654970760233917,
        0.2679738562091503,
        0.2888888888888889
      ]
    },
    "3": {
      "acc": [
        0.3333333333333333,
        0.3333333333333333,
        0.3333333333333333
      ],
      "f1": [
        0.16666666666666666,
        0.2679738562091503,
        0.2888888888888889
      ]
    },
    "4": {
      "acc": [
        0.3333333333333333,
        0.3333333333333333,
        0.3333333333333333
      ],
      "f1": [
        0.16666666666666666,
        0.2679738562091503,
        0.2888888888888889
      ]
    },
    "5": {
      "acc": [
        0.3333333333333333,
        0.4,
        0.3333333333333333
      ],
      "f1": [
        0.16666666666666666,
        0.35714285714285715,
        0.2888888888888889
      ]
    },
    "6": {
      "acc": [
        0.3333333333333333,
        0.3333333333333333,
        0.4
      ],
      "f1": [
        0.16666666666666666,
        0.2679738562091503,
        0.3434343434343434
      ]
    },
    "7": {
      "acc": [
        0.3333333333333333,
        0.4666666666666667,
        0.4
      ],
      "f1": [
        0.16666666666666666,
        0.42777777777777776,
        0.3434343434343434
      ]
    },
    "8": {
      "acc": [
        0.3333333333333333,
        0.4,
        0.4
      ],
      "f1": [
        0.16666666666666666,
        0.35714285714285715,
        0.3194444444444444
      ]
    },
    "9": {
      "acc": [
        0.3333333333333333,
        0.5333333333333333,
        0.4
      ],
      "f1": [
        0.16666666666666666,
        0.48677248677248675,
        0.3194444444444444
      ]
    },
    "10": {
      "acc": [
        0.3333333333333333,
        0.5333333333333333,
        0.4
      ],
      "f1": [
        0.16666666666666666,
        0.48677248677248675,
        0.3194444444444444
      ]
    },
    "11": {
      "acc": [
        0.3333333333333333,
        0.5333333333333333,
        0.4666666666666667
      ],
      "f1": [
        0.16666666666666666,
        0.48677248677248675,
        0.3988095238095238
      ]
    },
    "12": {
      "acc": [
        0.3333333333333333,
        0.5333333333333333,
        0.4
      ],
      "f1": [
        0.16666666666666666,
        0.48677248677248675,
        0.3194444444444444
      ]
    },
    "13": {
      "acc": [
        0.3333333333333333,
        0.4666666666666667,
        0.4
      ],
      "f1": [
        0.16666666666666666,
        0.42777777777777776,
        0.3194444444444444
      ]
    },
    "14": {
      "acc": [
        0.3333333333333333,
        0.4666666666666667,
        0.5333333333333333
      ],
      "f1": [
        0.16666666666666666,
        0.42777777777777776,
        0.4583333333333333
      ]
    },
    "15": {
      "acc": [
        0.3333333333333333,
        0.4666666666666667,
        0.4666666666666667
      ],
      "f1": [
        0.16666666666666666,
        0.42777777777777776,
        0.3988095238095238
      ]
    },
    "16": {
      "acc": [
        0.3333333333333333,
        0.4666666666666667,
        0.5333333333333333
      ],
      "f1": [
        0.16666666666666666,
        0.44047619047619047,
        0.4583333333333333
      ]
    },
    "17": {
      "acc": [
        0.26666666666666666,
        0.3333333333333333,
        0.4
      ],
      "f1": [
        0.14035087719298245,
        0.3333333333333333,
        0.3434343434343434
      ]
    },
    "18": {
      "acc": [
        0.26666666666666666,
        0.3333333333333333,
        0.3333333333333333
      ],
      "f1": [
        0.14814814814814814,
        0.3333333333333333,
        0.30303030303030304
      ]
    },
    "19": {
      "acc": [
        0.3333333333333333,
        0.3333333333333333,
        0.3333333333333333
      ],
      "f1": [
        0.24019607843137256,
        0.3333333333333333,
        0.30303030303030304
      ]
    },
    "20": {
      "acc": [
        0.3333333333333333,
        0.4,
        0.4666666666666667
      ],
      "f1": [
        0.24019607843137256,
        0.39285714285714285,
        0.38974358974358975
      ]
    },
    "21": {
      "acc": [
        0.3333333333333333,
        0.4,
        0.4666666666666667
      ],
      "f1": [
        0.24019607843137256,
        0.3682539682539683,
        0.3988095238095238
      ]
    },
    "22": {
      "acc": [
        0.3333333333333333,
        0.3333333333333333,
        0.4666666666666667
      ],
      "f1": [
        0.24338624338624337,
        0.3333333333333333,
        0.38888888888888884
      ]
    },
    "23": {
      "acc": [
        0.3333333333333333,
        0.4,
        0.4666666666666667
      ],
      "f1": [
        0.24338624338624337,
        0.4109890109890109,
        0.39999999999999997
      ]
    },
    "24": {
      "acc": [
        0.3333333333333333,
        0.4,
        0.4
      ],
      "f1": [
        0.16666666666666666,
        0.3682539682539683,
        0.3682539682539683
      ]
    }
  },
  "aggregate_results": {
    "0": {
      "mean_f1": 0.3597883597883598,
      "std_f1": 0.07111761958961538,
      "mean_acc": 0.4222222222222222
    },
    "1": {
      "mean_f1": 0.3066276803118908,
      "std_f1": 0.02675753699883117,
      "mean_acc": 0.37777777777777777
    },
    "2": {
      "mean_f1": 0.28113748423345947,
      "std_f1": 0.00935694997830023,
      "mean_acc": 0.35555555555555557
    },
    "3": {
      "mean_f1": 0.24117647058823533,
      "std_f1": 0.05337379387128473,
      "mean_acc": 0.3333333333333333
    },
    "4": {
      "mean_f1": 0.24117647058823533,
      "std_f1": 0.05337379387128473,
      "mean_acc": 0.3333333333333333
    },
    "5": {
      "mean_f1": 0.2708994708994709,
      "std_f1": 0.07879513163590332,
      "mean_acc": 0.35555555555555557
    },
    "6": {
      "mean_f1": 0.25935828877005346,
      "std_f1": 0.07242179179033377,
      "mean_acc": 0.35555555555555557
    },
    "7": {
      "mean_f1": 0.31262626262626264,
      "std_f1": 0.10880136784902317,
      "mean_acc": 0.4000000000000001
    },
    "8": {
      "mean_f1": 0.2810846560846561,
      "std_f1": 0.08235654115626888,
      "mean_acc": 0.37777777777777777
    },
    "9": {
      "mean_f1": 0.32429453262786595,
      "std_f1": 0.13072764699416145,
      "mean_acc": 0.4222222222222222
    },
    "10": {
      "mean_f1": 0.32429453262786595,
      "std_f1": 0.13072764699416145,
      "mean_acc": 0.4222222222222222
    },
    "11": {
      "mean_f1": 0.3507495590828924,
      "std_f1": 0.1350290195317256,
      "mean_acc": 0.4444444444444445
    },
    "12": {
      "mean_f1": 0.32429453262786595,
      "std_f1": 0.13072764699416145,
      "mean_acc": 0.4222222222222222
    },
    "13": {
      "mean_f1": 0.30462962962962964,
      "std_f1": 0.10711166179869708,
      "mean_acc": 0.4000000000000001
    },
    "14": {
      "mean_f1": 0.3509259259259259,
      "std_f1": 0.13088676139041042,
      "mean_acc": 0.4444444444444445
    },
    "15": {
      "mean_f1": 0.3310846560846561,