{
  "overall_accuracy": 0.16666666666666666,
  "by_operator": {
    "Constraint": 0.35,
    "Reasoning": 0.15,
    "Safety": 0.0
  },
  "by_topic": {
    "Finance": 0.3125,
    "Health": 0.11764705882352941,
    "Politics": 0.2,
    "Science": 0.058823529411764705
  }
}