{
  "k_sweep": {
    "2": 17.05434226989746,
    "3": 15.92576789855957,
    "4": 14.85262680053711,
    "5": 12.479028701782227,
    "6": 12.375292778015137,
    "7": 10.228626251220703,
    "8": 8.28527545928955
  },
  "layer_sweep": {
    "0": 0.0021855959203094244,
    "5": 2.766554355621338,
    "12": 4.40300989151001,
    "18": 19.968233108520508,
    "24": 1809.72119140625
  }
}